<?xml version="1.0" encoding="UTF-8"?><StatGraph silkCompat="true" version="9.2_S2DVR">
<LayoutOverlay actionMode="brush" name="LayoutOverlay 5">
<BarChart data="SAMPLE_DATA" name="Bar">
<Role discrete="true" sortOrder="Data" type="Category" variable="IMP_TotalSpent"/>
<Role discrete="false" type="StatisticType" variable="Frequency"/>
<Role discrete="true" type="Group" variable="Churn"/>
</BarChart>
<Legend type="Group" visible="true">
<Title textAlign="Left" verticalAlign="Bottom"/>
<Labels SASFormat="BEST12"/>
</Legend>
</LayoutOverlay>
</StatGraph>
<StatGraph silkCompat="true" version="9.2_S2DVR">
<LayoutOverlay actionMode="brush" name="LayoutOverlay 4">
<Scatter data="SAMPLE_DATA" name="Scatter">
<Role discrete="false" type="X" variable="IMP_TotalSpent"/>
<Role discrete="false" type="Y" variable="CustomerID"/>
</Scatter>
</LayoutOverlay>
</StatGraph>
<StatGraph silkCompat="true" version="9.2_S2DVR">
<LayoutOverlay actionMode="brush" name="LayoutOverlay 2">
<BarChart data="SAMPLE_DATA" name="Bar">
<Role discrete="true" sortOrder="Data" type="Category" variable="Churn"/>
<Role discrete="false" type="StatisticType" variable="Frequency"/>
<Role discrete="true" type="Group" variable="IMP_FavoritePayment"/>
</BarChart>
<Legend type="Group" visible="true">
<Title textAlign="Left" verticalAlign="Bottom"/>
<Labels SASFormat="$14"/>
</Legend>
</LayoutOverlay>
</StatGraph>
