<?xml version="1.0" encoding="UTF-8"?><StatGraph silkCompat="true" version="9.2_S2DVR">
<LayoutOverlay actionMode="brush" name="LayoutOverlay 25">
<Histogram data="SAMPLE_DATA" name="Histogram">
<Role discrete="false" type="X" variable="Curricular_units_2nd_sem__grade_"/>
<Role discrete="false" type="StatisticType" variable="Frequency"/>
</Histogram>
</LayoutOverlay>
</StatGraph>
<StatGraph silkCompat="true" version="9.2_S2DVR">
<LayoutOverlay actionMode="brush" name="LayoutOverlay 6">
<Histogram data="SAMPLE_DATA" name="Histogram">
<Role discrete="false" type="X" variable="Unemployment_rate"/>
<Role discrete="false" type="StatisticType" variable="Frequency"/>
</Histogram>
</LayoutOverlay>
</StatGraph>
<StatGraph silkCompat="true" version="9.2_S2DVR">
<LayoutOverlay actionMode="brush" name="LayoutOverlay 49">
<BoxPlot data="SAMPLE_DATA" name="Box">
<Role discrete="true" sortOrder="Data" type="X" variable="Target"/>
<Role discrete="false" sortOrder="Data" type="Y" variable="GDP"/>
</BoxPlot>
</LayoutOverlay>
</StatGraph>
<StatGraph silkCompat="true" version="9.2_S2DVR">
<LayoutOverlay actionMode="brush" name="LayoutOverlay 48">
<Scatter autosizeMarkers="false" data="SAMPLE_DATA" markerSize="7" name="Scatter">
<Role discrete="false" sortOrder="Data" type="X" variable="Previous_qualification"/>
<Role discrete="false" sortOrder="Data" type="Y" variable="Age_at_enrollment"/>
<Role discrete="false" sortOrder="Data" type="Group" variable="Target"/>
</Scatter>
<Legend type="Group" visible="true">
<Title textAlign="Left" verticalAlign="Bottom"/>
<Labels SASFormat="$8"/>
</Legend>
</LayoutOverlay>
</StatGraph>
<StatGraph silkCompat="true" version="9.2_S2DVR">
<MatrixPlot actionMode="brush" componentType="Scatter" data="SAMPLE_DATA" name="Matrix">
<Role discrete="false" type="MatrixVar" variable="Age_at_enrollment,Gender,Previous_qualification"/>
<LayoutOverlay actionMode="brush" createLegends="false" name="LayoutOverlay 42">
<Scatter data="SAMPLE_DATA" name="__MATRIX_CHART_ID__"/>
<ChartTip fontName="SansSerif" fontSize="12" visible="false"/>
<XAxis visible="false"/>
<YAxis visible="false"/>
</LayoutOverlay>
<XAxis>
<Line visible="false"/>
<Label textVisible="false"/>
</XAxis>
<YAxis>
<Line visible="false"/>
<Label textVisible="false"/>
</YAxis>
</MatrixPlot>
</StatGraph>
<StatGraph silkCompat="true" version="9.2_S2DVR">
<LayoutOverlay actionMode="brush" name="LayoutOverlay 41">
<Scatter autosizeMarkers="false" data="SAMPLE_DATA" markerSize="9" name="Scatter">
<Role discrete="false" sortOrder="Data" type="X" variable="Curricular_units_1st_sem__grade_"/>
<Role discrete="false" sortOrder="Data" type="Y" variable="Curricular_units_2nd_sem__grade_"/>
<Role discrete="false" sortOrder="Data" type="Group" variable="Target"/>
</Scatter>
<Legend type="Group" visible="true">
<Title textAlign="Left" verticalAlign="Bottom"/>
<Labels SASFormat="$8"/>
</Legend>
</LayoutOverlay>
</StatGraph>
<StatGraph silkCompat="true" version="9.2_S2DVR">
<LayoutOverlay actionMode="brush" name="LayoutOverlay 40">
<BarChart data="SAMPLE_DATA" groupDisplayType="Clustered" name="Bar" showLabel="true">
<Role discrete="true" sortOrder="Data" type="Category" variable="Scholarship_holder"/>
<Role discrete="false" type="StatisticType" variable="Frequency"/>
<Role discrete="true" sortOrder="Data" type="Group" variable="Target"/>
</BarChart>
<Legend type="Group" visible="true">
<Title textAlign="Left" verticalAlign="Bottom"/>
<Labels SASFormat="$8"/>
</Legend>
</LayoutOverlay>
</StatGraph>
<StatGraph silkCompat="true" version="9.2_S2DVR">
<LayoutOverlay actionMode="brush" name="LayoutOverlay 38">
<Scatter autosizeMarkers="false" data="SAMPLE_DATA" markerSize="7" name="Scatter">
<Role discrete="false" sortOrder="Data" type="X" variable="Curricular_units_1st_sem__approv"/>
<Role discrete="false" sortOrder="Data" type="Y" variable="Curricular_units_2nd_sem__approv"/>
<Role discrete="false" sortOrder="Data" type="Group" variable="Target"/>
</Scatter>
<Legend type="Group" visible="true">
<Title textAlign="Left" verticalAlign="Bottom"/>
<Labels SASFormat="$8"/>
</Legend>
</LayoutOverlay>
</StatGraph>
<StatGraph silkCompat="true" version="9.2_S2DVR">
<LayoutOverlay actionMode="brush" name="LayoutOverlay 37">
<Scatter autosizeMarkers="false" data="SAMPLE_DATA" markerSize="5" name="Scatter">
<Role discrete="false" sortOrder="Data" type="X" variable="Inflation_rate"/>
<Role discrete="false" sortOrder="Data" type="Y" variable="Unemployment_rate"/>
<Role discrete="false" sortOrder="Data" type="Group" variable="Target"/>
</Scatter>
<Legend type="Group" visible="true">
<Title textAlign="Left" verticalAlign="Bottom"/>
<Labels SASFormat="$8"/>
</Legend>
<XAxis>
<MinorTicks visible="true"/>
</XAxis>
</LayoutOverlay>
</StatGraph>
<StatGraph silkCompat="true" version="9.2_S2DVR">
<LayoutOverlay actionMode="brush" name="LayoutOverlay 36">
<Scatter data="SAMPLE_DATA" name="Scatter">
<Role discrete="false" sortOrder="Data" type="X" variable="Nacionality"/>
<Role discrete="false" sortOrder="Data" type="Y" variable="Unemployment_rate"/>
<Role discrete="false" sortOrder="Data" type="Group" variable="Target"/>
</Scatter>
<Legend type="Group" visible="true">
<Title textAlign="Left" verticalAlign="Bottom"/>
<Labels SASFormat="$8"/>
</Legend>
</LayoutOverlay>
</StatGraph>
<StatGraph silkCompat="true" version="9.2_S2DVR">
<LayoutOverlay actionMode="brush" name="LayoutOverlay 35">
<Scatter data="SAMPLE_DATA" name="Scatter">
<Role discrete="false" sortOrder="Data" type="X" variable="Displaced"/>
<Role discrete="false" sortOrder="Data" type="Y" variable="Unemployment_rate"/>
<Role discrete="false" sortOrder="Data" type="Group" variable="Target"/>
</Scatter>
<Legend type="Group" visible="true">
<Title textAlign="Left" verticalAlign="Bottom"/>
<Labels SASFormat="$8"/>
</Legend>
</LayoutOverlay>
</StatGraph>
<StatGraph silkCompat="true" version="9.2_S2DVR">
<LayoutOverlay actionMode="brush" name="LayoutOverlay 34">
<DistributionPlot data="SAMPLE_DATA" name="Distribution">
<Role discrete="false" sortOrder="Data" type="X" variable="Nacionality"/>
</DistributionPlot>
</LayoutOverlay>
</StatGraph>
<StatGraph silkCompat="true" version="9.2_S2DVR">
<LayoutOverlay actionMode="brush" name="LayoutOverlay 28">
<BarChart data="SAMPLE_DATA" displayBarRangeEnd="13" displayBarRangeStart="1" name="HorizontalBar " orient="HORIZONTAL" showLabel="true">
<Role discrete="true" sortOrder="Data" type="Category" variable="Mother_s_occupation"/>
<Role discrete="false" type="StatisticType" variable="Frequency"/>
<Role discrete="true" sortOrder="Data" type="Group" variable="Target"/>
</BarChart>
<Legend type="Group" visible="true">
<Title textAlign="Left" verticalAlign="Bottom"/>
<Labels SASFormat="$8"/>
</Legend>
<YAxis reverse="false"/>
<Viewport yMax="12.5" yMin="-0.5"/>
</LayoutOverlay>
</StatGraph>
<StatGraph silkCompat="true" version="9.2_S2DVR">
<LayoutOverlay actionMode="brush" name="LayoutOverlay 17">
<Scatter data="SAMPLE_DATA" name="Scatter">
<Role discrete="false" sortOrder="Data" type="X" variable="GDP"/>
<Role discrete="false" sortOrder="Data" type="Y" variable="Inflation_rate"/>
</Scatter>
<Title textVisible="true">Inflation rate vs GDP</Title>
</LayoutOverlay>
</StatGraph>
<StatGraph silkCompat="true" version="9.2_S2DVR">
<LayoutOverlay actionMode="brush" name="LayoutOverlay 8">
<Histogram data="SAMPLE_DATA" gradient="false" name="Histogram" outlinesVisible="false">
<Role discrete="false" sortOrder="Data" type="X" variable="Inflation_rate"/>
<Role discrete="false" type="StatisticType" variable="Frequency"/>
</Histogram>
<Title textVisible="true">Inflation rate</Title>
</LayoutOverlay>
</StatGraph>
<StatGraph silkCompat="true" version="9.2_S2DVR">
<LayoutOverlay actionMode="brush" name="LayoutOverlay 14">
<Histogram data="SAMPLE_DATA" name="Histogram">
<Role discrete="false" sortOrder="Data" type="X" variable="Curricular_units_2nd_sem__withou"/>
<Role discrete="false" type="StatisticType" variable="Frequency"/>
</Histogram>
<Title textVisible="true">Curricular units 2nd sem (without evaluations)</Title>
<XAxis>
<Label>Curricular units 2nd sem (without evaluations)</Label>
</XAxis>
</LayoutOverlay>
</StatGraph>
<StatGraph silkCompat="true" version="9.2_S2DVR">
<LayoutOverlay actionMode="brush" name="LayoutOverlay 19">
<LinePlot data="SAMPLE_DATA" name="Line">
<Role discrete="false" sortOrder="Data" type="X" variable="GDP"/>
<Role discrete="false" sortOrder="Data" type="Y" variable="Inflation_rate"/>
</LinePlot>
</LayoutOverlay>
</StatGraph>
<StatGraph silkCompat="true" version="9.2_S2DVR">
<LayoutOverlay actionMode="brush" name="LayoutOverlay 18">
<LineChart data="SAMPLE_DATA" name="Line">
<Role discrete="true" sortOrder="Data" type="Category" variable="GDP"/>
<Role discrete="false" sortOrder="None" type="Response"/>
<Role discrete="false" type="StatisticType" variable="Frequency"/>
</LineChart>
</LayoutOverlay>
</StatGraph>
<StatGraph silkCompat="true" version="9.2_S2DVR">
<LayoutOverlay actionMode="brush" name="LayoutOverlay 16">
<Scatter data="SAMPLE_DATA" name="Scatter">
<Role discrete="false" sortOrder="Data" type="X" variable="Curricular_units_2nd_sem__grade_"/>
<Role discrete="false" sortOrder="Data" type="Y" variable="GDP"/>
</Scatter>
</LayoutOverlay>
</StatGraph>
<StatGraph silkCompat="true" version="9.2_S2DVR">
<LayoutOverlay actionMode="brush" name="LayoutOverlay 12">
<Histogram data="SAMPLE_DATA" name="Histogram">
<Role discrete="false" sortOrder="Data" type="X" variable="Curricular_units_2nd_sem__evalua"/>
<Role discrete="false" type="StatisticType" variable="Frequency"/>
</Histogram>
<Title textVisible="true">Curricular units 2nd sem (evaluations)</Title>
<XAxis>
<Label>Curricular units 2nd sem (evaluations)</Label>
</XAxis>
</LayoutOverlay>
</StatGraph>
<StatGraph silkCompat="true" version="9.2_S2DVR">
<LayoutOverlay actionMode="brush" name="LayoutOverlay 11">
<Histogram data="SAMPLE_DATA" name="Histogram">
<Role discrete="false" sortOrder="Data" type="X" variable="Curricular_units_2nd_sem__enroll"/>
<Role discrete="false" type="StatisticType" variable="Frequency"/>
</Histogram>
<Title textVisible="true">Curricular units 2nd sem (enrolled)</Title>
<XAxis>
<Label>Curricular units 2nd sem (enrolled)</Label>
</XAxis>
</LayoutOverlay>
</StatGraph>
<StatGraph silkCompat="true" version="9.2_S2DVR">
<LayoutOverlay actionMode="brush" name="LayoutOverlay 10">
<Histogram data="SAMPLE_DATA" name="Histogram">
<Role discrete="false" sortOrder="Data" type="X" variable="Curricular_units_2nd_sem__credit"/>
<Role discrete="false" type="StatisticType" variable="Frequency"/>
</Histogram>
<Title textVisible="true">Curricular units 2nd sem (credited)</Title>
<XAxis>
<Label>Curricular units 2nd sem (credited)</Label>
</XAxis>
</LayoutOverlay>
</StatGraph>
<StatGraph silkCompat="true" version="9.2_S2DVR">
<LayoutOverlay actionMode="brush" name="LayoutOverlay 7">
<Histogram binAxis="true" binToDataRange="false" data="SAMPLE_DATA" endLabels="true" gradient="false" name="Histogram" outlinesVisible="false" showMissingBin="true">
<Role discrete="false" sortOrder="Data" type="X" variable="GDP"/>
<Role discrete="false" type="StatisticType" variable="Frequency"/>
</Histogram>
<Title textVisible="true">GDP</Title>
</LayoutOverlay>
</StatGraph>
<StatGraph silkCompat="true" version="9.2_S2DVR">
<LayoutOverlay actionMode="brush" name="LayoutOverlay 4">
<BoxPlot data="SAMPLE_DATA" name="Box">
<Role discrete="false" sortOrder="Data" type="Y" variable="Curricular_units_1st_sem__credit"/>
</BoxPlot>
<Title textVisible="true">Curricular units 1st sem (credited)</Title>
<YAxis>
<Label>Curricular units 1st sem (credited)</Label>
</YAxis>
</LayoutOverlay>
</StatGraph>
<StatGraph silkCompat="true" version="9.2_S2DVR">
<LayoutOverlay actionMode="brush" name="LayoutOverlay 13">
<BarChart data="SAMPLE_DATA" name="HorizontalBar " orient="HORIZONTAL">
<Role discrete="true" sortOrder="Data" type="Category" variable="Course"/>
<Role discrete="false" type="StatisticType" variable="Frequency"/>
<Role discrete="true" sortOrder="Data" type="Group" variable="Target"/>
</BarChart>
<Legend type="Group" visible="true">
<Title textAlign="Left" verticalAlign="Bottom"/>
<Labels SASFormat="$8"/>
</Legend>
</LayoutOverlay>
</StatGraph>
<StatGraph silkCompat="true" version="9.2_S2DVR">
<Scatter3D actionMode="select" colorScheme="Default" data="SAMPLE_DATA" name="3D Scatter">
<Role discrete="false" sortOrder="Data" type="X" variable="Target"/>
<Role discrete="false" sortOrder="Data" type="Y" variable="GDP"/>
<Role discrete="false" sortOrder="Data" type="Z" variable="Course"/>
<ZAxis>
<Values SASFormat="BEST12"/>
</ZAxis>
</Scatter3D>
</StatGraph>
<StatGraph silkCompat="true" version="9.2_S2DVR">
<LayoutOverlay actionMode="brush" name="LayoutOverlay 15">
<Histogram data="SAMPLE_DATA" name="Histogram">
<Role discrete="false" sortOrder="Data" type="X" variable="Curricular_units_1st_sem__evalua"/>
<Role discrete="false" type="StatisticType" variable="Frequency"/>
</Histogram>
<Title textVisible="true">Curricular units 1st sem (evaluations)</Title>
<XAxis>
<Label>Curricular units 1st sem (evaluations)</Label>
</XAxis>
</LayoutOverlay>
</StatGraph>
<StatGraph silkCompat="true" version="9.2_S2DVR">
<LayoutOverlay actionMode="brush" name="LayoutOverlay 5">
<NeedlePlot data="SAMPLE_DATA" name="Needle">
<Role discrete="false" sortOrder="Data" type="X" variable="Target"/>
<Role discrete="false" sortOrder="Data" type="Y" variable="Gender"/>
</NeedlePlot>
</LayoutOverlay>
</StatGraph>
<StatGraph silkCompat="true" version="9.2_S2DVR">
<LayoutOverlay actionMode="brush" name="LayoutOverlay 20">
<BarChart data="SAMPLE_DATA" name="Bar">
<Role discrete="true" sortOrder="Data" type="Category" variable="Gender"/>
<Role discrete="false" type="StatisticType" variable="Frequency"/>
<Role discrete="true" sortOrder="Data" type="Group" variable="Target"/>
</BarChart>
<Title textVisible="true">Gender by Target</Title>
<Legend borderStyle="None" position="East" type="Group" visible="true">
<Title textAlign="Left" verticalAlign="Bottom"/>
<Labels SASFormat="$8"/>
</Legend>
</LayoutOverlay>
</StatGraph>
<StatGraph silkCompat="true" version="9.2_S2DVR">
<LayoutOverlay actionMode="brush" name="LayoutOverlay 21">
<BoxPlot data="SAMPLE_DATA" name="Box">
<Role discrete="true" sortOrder="Data" type="X" variable="Target"/>
<Role discrete="false" sortOrder="Data" type="Y" variable="Unemployment_rate"/>
</BoxPlot>
<Title textVisible="true">Unemployment Rate vs Target</Title>
</LayoutOverlay>
</StatGraph>
<StatGraph silkCompat="true" version="9.2_S2DVR">
<PieChart actionMode="select" data="SAMPLE_DATA" name="Pie 1">
<Role discrete="false" sortOrder="Data" type="Category" variable="Course"/>
<Role discrete="false" sortOrder="Data" type="Group" variable="Target"/>
<Legend type="Category" visible="false">
<Title textAlign="Left" verticalAlign="Bottom">Course</Title>
<Labels SASFormat="BEST12"/>
</Legend>
</PieChart>
</StatGraph>
<StatGraph silkCompat="true" version="9.2_S2DVR">
<LayoutOverlay actionMode="brush" name="LayoutOverlay 22">
<BarChart data="SAMPLE_DATA" name="Bar">
<Role discrete="true" sortOrder="Data" type="Category" variable="Marital_status"/>
<Role discrete="false" type="StatisticType" variable="Frequency"/>
<Role discrete="true" sortOrder="Data" type="Group" variable="Target"/>
</BarChart>
<Title textVisible="true">Marital Status group by Target</Title>
<Legend type="Group" visible="true">
<Title textAlign="Left" verticalAlign="Bottom"/>
<Labels SASFormat="$8"/>
</Legend>
</LayoutOverlay>
</StatGraph>
<StatGraph silkCompat="true" version="9.2_S2DVR">
<LayoutOverlay actionMode="brush" name="LayoutOverlay 9">
<BoxPlot data="SAMPLE_DATA" name="Box">
<Role discrete="false" sortOrder="Data" type="Y" variable="Curricular_units_2nd_sem__credit"/>
</BoxPlot>
<Title textVisible="true">Curricular units 2nd sem (credited)</Title>
<YAxis>
<Label>Curricular units 2nd sem (credited)</Label>
</YAxis>
</LayoutOverlay>
</StatGraph>
<StatGraph silkCompat="true" version="9.2_S2DVR">
<LayoutOverlay actionMode="brush" name="LayoutOverlay 23">
<BarChart data="SAMPLE_DATA" name="Bar">
<Role discrete="true" sortOrder="Data" type="Category" variable="Target"/>
<Role discrete="false" type="StatisticType" variable="Frequency"/>
<Role discrete="true" sortOrder="Data" type="Group" variable="Displaced"/>
</BarChart>
<Legend type="Group" visible="true">
<Title textAlign="Left" verticalAlign="Bottom"/>
<Labels SASFormat="BEST12"/>
</Legend>
</LayoutOverlay>
</StatGraph>
<StatGraph silkCompat="true" version="9.2_S2DVR">
<LayoutOverlay actionMode="brush" name="LayoutOverlay 3">
<BoxPlot data="SAMPLE_DATA" name="Box">
<Role discrete="false" sortOrder="Data" type="Y" variable="Curricular_units_2nd_sem__approv"/>
</BoxPlot>
<Title textVisible="true">Curricular units 2nd sem (approved)</Title>
<YAxis>
<Label>Curricular units 2nd sem (approved)</Label>
</YAxis>
</LayoutOverlay>
</StatGraph>
<StatGraph silkCompat="true" version="9.2_S2DVR">
<PieChart actionMode="select" data="SAMPLE_DATA" name="Pie" otherLabel="Other" otherVisible="false" pieLabelComponents="4" pieLabelPosition="INSIDE">
<Role discrete="false" sortOrder="Data" type="Category" variable="Target"/>
<Title textVisible="true">Target</Title>
<Legend type="Category" visible="true">
<Title textAlign="Left" verticalAlign="Bottom">Target</Title>
<Labels SASFormat="$8"/>
</Legend>
</PieChart>
</StatGraph>
<StatGraph silkCompat="true" version="9.2_S2DVR">
<LayoutOverlay actionMode="brush" name="LayoutOverlay 1">
<BarChart data="SAMPLE_DATA" groupDisplayType="Clustered" name="Bar">
<Role discrete="true" sortOrder="Data" type="Category" variable="Gender"/>
<Role discrete="false" type="StatisticType" variable="Frequency"/>
<Role discrete="true" sortOrder="Data" type="Group" variable="Target"/>
</BarChart>
<Title textVisible="true">Gender grouped by Target</Title>
<Legend type="Group" visible="true">
<Title textAlign="Left" verticalAlign="Bottom"/>
<Labels SASFormat="$8"/>
</Legend>
</LayoutOverlay>
</StatGraph>
<StatGraph silkCompat="true" version="9.2_S2DVR">
<LayoutOverlay actionMode="brush" name="LayoutOverlay 24">
<BarChart data="SAMPLE_DATA" groupDisplayType="Clustered" name="Bar">
<Role discrete="true" sortOrder="Data" type="Category" variable="Debtor"/>
<Role discrete="false" type="StatisticType" variable="Frequency"/>
<Role discrete="true" sortOrder="Data" type="Group" variable="Target"/>
</BarChart>
<Title textVisible="true">Debtor grouped by Target</Title>
<Legend type="Group" visible="true">
<Title textAlign="Left" verticalAlign="Bottom"/>
<Labels SASFormat="$8"/>
</Legend>
</LayoutOverlay>
</StatGraph>
<StatGraph silkCompat="true" version="9.2_S2DVR">
<LayoutOverlay actionMode="brush" name="LayoutOverlay 26">
<BarChart data="SAMPLE_DATA" name="HorizontalBar " orient="HORIZONTAL" showLabel="true">
<Role discrete="true" sortOrder="Data" type="Category" variable="Course"/>
<Role discrete="false" type="StatisticType" variable="Frequency"/>
<Role discrete="true" sortOrder="Data" type="Group" variable="Target"/>
</BarChart>
<Legend type="Group" visible="true">
<Title textAlign="Left" verticalAlign="Bottom"/>
<Labels SASFormat="$8"/>
</Legend>
<XAxis>
<MinorTicks visible="true"/>
</XAxis>
</LayoutOverlay>
</StatGraph>
<StatGraph silkCompat="true" version="9.2_S2DVR">
<LayoutOverlay actionMode="brush" name="LayoutOverlay 27">
<BarChart data="SAMPLE_DATA" name="HorizontalBar " orient="HORIZONTAL" showLabel="true">
<Role discrete="true" sortOrder="Data" type="Category" variable="Previous_qualification"/>
<Role discrete="false" type="StatisticType" variable="Frequency"/>
<Role discrete="true" sortOrder="Data" type="Group" variable="Target"/>
</BarChart>
<Title>Previous</Title>
<Legend type="Group" visible="true">
<Title textAlign="Left" verticalAlign="Bottom"/>
<Labels SASFormat="$8"/>
</Legend>
<XAxis>
<MinorTicks visible="true"/>
</XAxis>
</LayoutOverlay>
</StatGraph>
<StatGraph silkCompat="true" version="9.2_S2DVR">
<LayoutOverlay actionMode="brush" name="LayoutOverlay 2">
<BoxPlot data="SAMPLE_DATA" name="Box">
<Role discrete="true" sortOrder="Data" type="X" variable="Target"/>
<Role discrete="false" sortOrder="Data" type="Y" variable="Unemployment_rate"/>
</BoxPlot>
</LayoutOverlay>
</StatGraph>
